year,share_of_above35_voters,share_of_educated_voters,share_of_mig_voters,share_of_male_voters,share_of_relig_voters
2002,80,NA,4.116222760290557,49.58837772397094,48.37772397094431
2005,79.5004712535344,NA,5.136663524976438,50.141376060320454,48.444863336475024
2009,79.08762420957542,25.112917795844623,5.013550135501355,52.3486901535682,50.0903342366757
2013,81.01535836177474,30.034129692832767,5.418088737201366,52.04778156996587,47.3976109215017
2017,79.03225806451613,31.93548387096774,6.397849462365592,50.32258064516129,49.946236559139784
